text,brunet_w,cwr_advance,cwr_simple,dugast_u,guiraud_r,herdan_ch,jiwc_anger,jiwc_anxiety,jiwc_happiness,jiwc_hatrid,jiwc_sadness,jiwc_surprise,jiwc_trust,maas_a2,max_abst,max_sent_len,mean_sent_len,median_sent_len,min_sent_len,mvr,num_conv,num_sent,pct_hiragana,pct_kanji,pct_katakana,pct_ner,q1_sent_len,q3_sent_len,ratio_taigendome,rubet_k,std_sent_len,top5_mean_abst,ttr_plain,tuldava_ln
この街は市内でも最も少子高齢化が進んでいる街として有名だった。,137.69501635891916,0.3,0.45,85.17813147345137,4.024922359499621,0.9648297958439285,0.14806292627791146,0.13510584638350664,0.1473434421840518,0.14455679860230602,0.14008369330173986,0.14761752099261938,0.13722977225786487,0.011740102567425815,2.67,31.0,31.0,31.0,31.0,1.0,0.0,1.0,0.5483870967741935,0.41935483870967744,0.0,0.0,31.0,31.0,0.0,2.634343351271084,,2.358,0.9,-0.3327779284709657
