text,brunet_w,cwr_advance,cwr_simple,dugast_u,guiraud_r,herdan_ch,jiwc_anger,jiwc_anxiety,jiwc_happiness,jiwc_hatrid,jiwc_sadness,jiwc_surprise,jiwc_trust,maas_a2,max_abst,max_sent_len,mean_sent_len,median_sent_len,min_sent_len,mvr,num_conv,num_sent,pct_hiragana,pct_kanji,pct_katakana,pct_ner,q1_sent_len,q3_sent_len,ratio_taigendome,rubet_k,std_sent_len,top5_mean_abst,ttr_plain,tuldava_ln
この街は市内でも最も少子高齢化が進んでいる街として有名だった。,156.33747060815034,0.23809523809523808,0.3333333333333333,92.61387453476122,4.1461399144838555,0.9671267134323301,0.18842795425304282,0.12002678550619973,0.11667227986126578,0.13788831040796834,0.11710302310088266,0.16517663510641395,0.1547050117642267,0.01079751824468444,2.67,31.0,31.0,31.0,31.0,0.6666666666666666,0.0,1.0,0.5483870967741935,0.41935483870967744,0.0,0.0,31.0,31.0,0.0,2.644680203476675,,2.576,0.9047619047619048,-0.32754888075096505
